,CostsAndExpenses-0,CostsAndExpenses-1,CostsAndExpenses-2,CostsAndExpenses-3,CostsAndExpenses-4,DepreciationAndAmortization-0,DepreciationAndAmortization-1,DepreciationAndAmortization-2,DepreciationAndAmortization-3,DepreciationAndAmortization-4,GrossProfit-0,GrossProfit-1,GrossProfit-2,GrossProfit-3,GrossProfit-4,IncomeTaxesPaidNet-0,IncomeTaxesPaidNet-1,IncomeTaxesPaidNet-2,IncomeTaxesPaidNet-3,IncomeTaxesPaidNet-4,NetIncomeLoss-0,NetIncomeLoss-1,NetIncomeLoss-2,NetIncomeLoss-3,NetIncomeLoss-4,OperatingIncomeLoss-0,OperatingIncomeLoss-1,OperatingIncomeLoss-2,OperatingIncomeLoss-3,OperatingIncomeLoss-4,Revenues-0,Revenues-1,Revenues-2,Revenues-3,Revenues-4,FreeCashFlow-0,FreeCashFlow-1,FreeCashFlow-2,FreeCashFlow-3,FreeCashFlow-4
2007-09-30,,,,,,,,,,,,,,,,,,,,,,,,,,,,,,,,,,,,,,,,
2007-12-31,,,,,,,,,,,,,,,,,,,,,,,,,,,,,,,,,,,,,,,,
2008-03-31,,,,,,,,,,,,,,,,,,,,,,,,,,,,,,,,,,,,,,,,
2008-06-30,,,,,,,,,,,,,,,,,,,,,,,,,,,,,,,,,,,,,,,,
2008-09-30,,,,,,,,,,,,,,,,,,,,,,,,,,,,,,,,,,,,,,,,
2008-12-31,,,,,,,,,,,,,,,,,,,,,,,,,,,,,,,,,,,,,,,,
2009-03-31,,,,,,,,,,,,,,,,,,,,,,,,,,,,,,,,,,,,,,,,
2009-06-30,,,,,,,,,,,,,,,,,,,,,,,,,,,,,,,,,,,,,,,,
2009-09-30,7677000000.0,6665000000.0,6761000000.0,8779000000.0,6453000000.0,151917355.37190083,151917355.37190083,151917355.37190083,151917355.37190083,97016528.92561984,5105000000.0,3023000000.0,3627000000.0,4507000000.0,2739000000.0,507000000.0,662000000.0,1278000000.0,550000000.0,245000000.0,2532000000.0,1229000000.0,1620000000.0,2255000000.0,1136000000.0,2193000000.0,1672000000.0,2323000000.0,3101000000.0,1442000000.0,11361000000.0,8337000000.0,9084000000.0,11880000000.0,7895000000.0,2651000000.0,2024000000.0,741000000.0,3599000000.0,3892000000.0
2009-12-31,,,,,,,,,,,,,,,,,,,,,,,,,,,,,,,,,,,,,,,,
2010-03-31,,,,,,,,,,,,,,,,,,,,,,,,,,,,,,,,,,,,,,,,
2010-06-30,,,,,,,,,,,,,,,,,,,,,,,,,,,,,,,,,,,,,,,,
2010-09-30,14896000000.0,11466000000.0,9520000000.0,10958000000.0,7677000000.0,204311294.7658402,204311294.7658402,204311294.7658402,204311294.7658402,151917355.37190083,7512000000.0,6136000000.0,5625000000.0,6411000000.0,5105000000.0,40000000.0,513000000.0,1164000000.0,980000000.0,507000000.0,4308000000.0,3253000000.0,3074000000.0,3378000000.0,2532000000.0,5447000000.0,4234000000.0,3979000000.0,4725000000.0,2193000000.0,20343000000.0,15700000000.0,13499000000.0,15683000000.0,11361000000.0,4923000000.0,4206000000.0,2056000000.0,5405000000.0,2651000000.0
2010-12-31,,,,,,,,,,,,,,,,,,,,,,,,,,,,,,,,,,,,,,,,
2011-03-31,16793000000.0,18914000000.0,14896000000.0,11466000000.0,9520000000.0,401101928.3746556,401101928.3746556,204311294.7658402,204311294.7658402,204311294.7658402,10218000000.0,10298000000.0,7512000000.0,6136000000.0,5625000000.0,1087000000.0,826000000.0,40000000.0,513000000.0,1164000000.0,5987000000.0,6004000000.0,4308000000.0,3253000000.0,3074000000.0,7874000000.0,7827000000.0,5447000000.0,4234000000.0,3979000000.0,24667000000.0,26741000000.0,20343000000.0,15700000000.0,13499000000.0,5595000000.0,8559000000.0,4923000000.0,4206000000.0,2056000000.0
2011-06-30,19192000000.0,16793000000.0,18914000000.0,14896000000.0,11466000000.0,401101928.3746556,401101928.3746556,401101928.3746556,204311294.7658402,204311294.7658402,11922000000.0,10218000000.0,10298000000.0,7512000000.0,6136000000.0,650000000.0,1087000000.0,826000000.0,40000000.0,513000000.0,7308000000.0,5987000000.0,6004000000.0,4308000000.0,3253000000.0,9379000000.0,7874000000.0,7827000000.0,5447000000.0,4234000000.0,28571000000.0,24667000000.0,26741000000.0,20343000000.0,15700000000.0,10331000000.0,5595000000.0,8559000000.0,4923000000.0,4206000000.0
2011-09-30,19560000000.0,19192000000.0,16793000000.0,18914000000.0,14896000000.0,401101928.3746556,401101928.3746556,401101928.3746556,401101928.3746556,204311294.7658402,11380000000.0,11922000000.0,10218000000.0,10298000000.0,7512000000.0,775000000.0,650000000.0,1087000000.0,826000000.0,40000000.0,6623000000.0,7308000000.0,5987000000.0,6004000000.0,4308000000.0,8710000000.0,9379000000.0,7874000000.0,7827000000.0,5447000000.0,28270000000.0,28571000000.0,24667000000.0,26741000000.0,20343000000.0,8784000000.0,10331000000.0,5595000000.0,8559000000.0,4923000000.0
2011-12-31,,,,,,,,,,,,,,,,,,,,,,,,,,,,,,,,,,,,,,,,
2012-03-31,,,,,,,,,,,,,,,,,,,,,,,,,,,,,,,,,,,,,,,,
2012-06-30,23450000000.0,23802000000.0,28993000000.0,19560000000.0,19192000000.0,639459459.4594595,639459459.4594595,639459459.4594595,401101928.3746556,401101928.3746556,14994000000.0,18564000000.0,20703000000.0,11380000000.0,11922000000.0,1066000000.0,3361000000.0,1474000000.0,775000000.0,650000000.0,8824000000.0,11622000000.0,13064000000.0,6623000000.0,7308000000.0,11573000000.0,15384000000.0,17340000000.0,8710000000.0,9379000000.0,35023000000.0,39186000000.0,46333000000.0,28270000000.0,28571000000.0,8133000000.0,12520000000.0,16233000000.0,8784000000.0,10331000000.0
2012-09-30,25022000000.0,23450000000.0,23802000000.0,28993000000.0,19560000000.0,639459459.4594595,639459459.4594595,639459459.4594595,639459459.4594595,401101928.3746556,14401000000.0,14994000000.0,18564000000.0,20703000000.0,11380000000.0,1781000000.0,1066000000.0,3361000000.0,1474000000.0,775000000.0,8223000000.0,8824000000.0,11622000000.0,13064000000.0,6623000000.0,10944000000.0,11573000000.0,15384000000.0,17340000000.0,8710000000.0,35966000000.0,35023000000.0,39186000000.0,46333000000.0,28270000000.0,5675000000.0,8133000000.0,12520000000.0,16233000000.0,8784000000.0
2012-12-31,,,,,,,,,,,,,,,,,,,,,,,,,,,,,,,,,,,,,,,,
2013-03-31,31045000000.0,37302000000.0,25022000000.0,23450000000.0,23802000000.0,1453994490.3581266,1453994490.3581266,639459459.4594595,639459459.4594595,639459459.4594595,16349000000.0,21060000000.0,14401000000.0,14994000000.0,18564000000.0,2368000000.0,1890000000.0,1781000000.0,1066000000.0,3361000000.0,9547000000.0,13078000000.0,8223000000.0,8824000000.0,11622000000.0,12558000000.0,17210000000.0,10944000000.0,11573000000.0,15384000000.0,43603000000.0,54512000000.0,35966000000.0,35023000000.0,39186000000.0,10496000000.0,21109000000.0,5675000000.0,8133000000.0,12520000000.0
2013-06-30,26122000000.0,31045000000.0,37302000000.0,25022000000.0,23450000000.0,1453994490.3581266,1453994490.3581266,1453994490.3581266,639459459.4594595,639459459.4594595,13024000000.0,16349000000.0,21060000000.0,14401000000.0,14994000000.0,2930000000.0,2368000000.0,1890000000.0,1781000000.0,1066000000.0,6900000000.0,9547000000.0,13078000000.0,8223000000.0,8824000000.0,9201000000.0,12558000000.0,17210000000.0,10944000000.0,11573000000.0,35323000000.0,43603000000.0,54512000000.0,35966000000.0,35023000000.0,5943000000.0,10496000000.0,21109000000.0,5675000000.0,8133000000.0
2013-09-30,27442000000.0,26122000000.0,31045000000.0,37302000000.0,25022000000.0,1453994490.3581266,1453994490.3581266,1453994490.3581266,1453994490.3581266,639459459.4594595,13871000000.0,13024000000.0,16349000000.0,21060000000.0,14401000000.0,1940000000.0,2930000000.0,2368000000.0,1890000000.0,1781000000.0,7512000000.0,6900000000.0,9547000000.0,13078000000.0,8223000000.0,10030000000.0,9201000000.0,12558000000.0,17210000000.0,10944000000.0,37472000000.0,35323000000.0,43603000000.0,54512000000.0,35966000000.0,7953000000.0,5943000000.0,10496000000.0,21109000000.0,5675000000.0
2013-12-31,,,,,,,,,,,,,,,,,,,,,,,,,,,,,,,,,,,,,,,,
2014-03-31,32053000000.0,40131000000.0,27442000000.0,26122000000.0,31045000000.0,1729752066.1157024,1729752066.1157024,1453994490.3581266,1453994490.3581266,1453994490.3581266,17947000000.0,21846000000.0,13871000000.0,13024000000.0,16349000000.0,1982000000.0,3387000000.0,1940000000.0,2930000000.0,2368000000.0,10223000000.0,13072000000.0,7512000000.0,6900000000.0,9547000000.0,13593000000.0,17463000000.0,10030000000.0,9201000000.0,12558000000.0,45646000000.0,57594000000.0,37472000000.0,35323000000.0,43603000000.0,12156000000.0,20685000000.0,7953000000.0,5943000000.0,16056254143.646412
2014-06-30,27150000000.0,32053000000.0,40131000000.0,27442000000.0,26122000000.0,1729752066.1157024,1729752066.1157024,1729752066.1157024,1453994490.3581266,1453994490.3581266,14735000000.0,17947000000.0,21846000000.0,13871000000.0,13024000000.0,2644000000.0,1982000000.0,3387000000.0,1940000000.0,2930000000.0,7748000000.0,10223000000.0,13072000000.0,7512000000.0,6900000000.0,10282000000.0,13593000000.0,17463000000.0,10030000000.0,9201000000.0,37432000000.0,45646000000.0,57594000000.0,37472000000.0,35323000000.0,7877000000.0,12156000000.0,20685000000.0,7953000000.0,5943000000.0
2014-09-30,30958000000.0,27150000000.0,32053000000.0,40131000000.0,27442000000.0,1729752066.1157024,1729752066.1157024,1729752066.1157024,1729752066.1157024,1453994490.3581266,16009000000.0,14735000000.0,17947000000.0,21846000000.0,13871000000.0,2013000000.0,2644000000.0,1982000000.0,3387000000.0,1940000000.0,8467000000.0,7748000000.0,10223000000.0,13072000000.0,7512000000.0,11165000000.0,10282000000.0,13593000000.0,17463000000.0,10030000000.0,42123000000.0,37432000000.0,45646000000.0,57594000000.0,37472000000.0,9424000000.0,7877000000.0,12156000000.0,20685000000.0,7861126721.763085
2014-12-31,50353000000.0,30958000000.0,27150000000.0,32053000000.0,40131000000.0,2306336088.1542697,1729752066.1157024,1729752066.1157024,1729752066.1157024,1729752066.1157024,29741000000.0,16009000000.0,14735000000.0,17947000000.0,21846000000.0,3869000000.0,2013000000.0,2644000000.0,1982000000.0,3387000000.0,18024000000.0,8467000000.0,7748000000.0,10223000000.0,13072000000.0,24246000000.0,11165000000.0,10282000000.0,13593000000.0,17463000000.0,74599000000.0,42123000000.0,37432000000.0,45646000000.0,57594000000.0,30505000000.0,9424000000.0,7877000000.0,12156000000.0,20685000000.0
2015-03-31,39732000000.0,50353000000.0,30958000000.0,27150000000.0,32053000000.0,2306336088.1542697,2306336088.1542697,1729752066.1157024,1729752066.1157024,1729752066.1157024,23656000000.0,29741000000.0,16009000000.0,14735000000.0,17947000000.0,3189000000.0,3869000000.0,2013000000.0,2644000000.0,1982000000.0,13569000000.0,18024000000.0,8467000000.0,7748000000.0,10223000000.0,18278000000.0,24246000000.0,11165000000.0,10282000000.0,13593000000.0,58010000000.0,74599000000.0,42123000000.0,37432000000.0,45646000000.0,16712000000.0,30505000000.0,9424000000.0,7877000000.0,12156000000.0
2015-06-30,35522000000.0,39732000000.0,50353000000.0,30958000000.0,27150000000.0,2306336088.1542697,2306336088.1542697,2306336088.1542697,1729752066.1157024,1729752066.1157024,19681000000.0,23656000000.0,29741000000.0,16009000000.0,14735000000.0,3546000000.0,3189000000.0,3869000000.0,2013000000.0,2644000000.0,10677000000.0,13569000000.0,18024000000.0,8467000000.0,7748000000.0,14083000000.0,18278000000.0,24246000000.0,11165000000.0,10282000000.0,49605000000.0,58010000000.0,74599000000.0,42123000000.0,37432000000.0,12945000000.0,16712000000.0,30505000000.0,9424000000.0,7877000000.0
2015-09-30,36878000000.0,35522000000.0,39732000000.0,50353000000.0,30958000000.0,2306336088.1542697,2306336088.1542697,2306336088.1542697,2306336088.1542697,1729752066.1157024,20548000000.0,19681000000.0,23656000000.0,29741000000.0,16009000000.0,2648000000.0,3546000000.0,3189000000.0,3869000000.0,2013000000.0,11124000000.0,10677000000.0,13569000000.0,18024000000.0,8467000000.0,14623000000.0,14083000000.0,18278000000.0,24246000000.0,11165000000.0,51501000000.0,49605000000.0,58010000000.0,74599000000.0,42123000000.0,9857000000.0,12945000000.0,16712000000.0,30505000000.0,9424000000.0
2015-12-31,51701000000.0,36878000000.0,35522000000.0,39732000000.0,50353000000.0,2080716253.443526,2306336088.1542697,2306336088.1542697,2306336088.1542697,2306336088.1542697,30423000000.0,20548000000.0,19681000000.0,23656000000.0,29741000000.0,3398000000.0,2648000000.0,3546000000.0,3189000000.0,3869000000.0,18361000000.0,11124000000.0,10677000000.0,13569000000.0,18024000000.0,24171000000.0,14623000000.0,14083000000.0,18278000000.0,24246000000.0,75872000000.0,51501000000.0,49605000000.0,58010000000.0,74599000000.0,23851000000.0,9857000000.0,12945000000.0,16712000000.0,30505000000.0
2016-03-31,36570000000.0,51701000000.0,36878000000.0,35522000000.0,39732000000.0,2080716253.443526,2080716253.443526,2306336088.1542697,2306336088.1542697,2306336088.1542697,19921000000.0,30423000000.0,20548000000.0,19681000000.0,23656000000.0,3232000000.0,3398000000.0,2648000000.0,3546000000.0,3189000000.0,10516000000.0,18361000000.0,11124000000.0,10677000000.0,13569000000.0,13987000000.0,24171000000.0,14623000000.0,14083000000.0,18278000000.0,50557000000.0,75872000000.0,51501000000.0,49605000000.0,58010000000.0,9265000000.0,23851000000.0,9857000000.0,12945000000.0,16712000000.0
2016-06-30,32253000000.0,36570000000.0,51701000000.0,36878000000.0,35522000000.0,2080716253.443526,2080716253.443526,2080716253.443526,2306336088.1542697,2306336088.1542697,16106000000.0,19921000000.0,30423000000.0,20548000000.0,19681000000.0,2360000000.0,3232000000.0,3398000000.0,2648000000.0,3546000000.0,7796000000.0,10516000000.0,18361000000.0,11124000000.0,10677000000.0,10105000000.0,13987000000.0,24171000000.0,14623000000.0,14083000000.0,42358000000.0,50557000000.0,75872000000.0,51501000000.0,49605000000.0,7825000000.0,17303911602.209946,16027911602.209946,16754468319.559229,18329468319.559227
2016-09-30,35091000000.0,32253000000.0,36570000000.0,51701000000.0,36878000000.0,2080716253.443526,2080716253.443526,2080716253.443526,2080716253.443526,2306336088.1542697,17813000000.0,16106000000.0,19921000000.0,30423000000.0,20548000000.0,1454000000.0,2360000000.0,3232000000.0,3398000000.0,2648000000.0,9014000000.0,7796000000.0,10516000000.0,18361000000.0,11124000000.0,11761000000.0,10105000000.0,13987000000.0,24171000000.0,14623000000.0,46852000000.0,42358000000.0,50557000000.0,75872000000.0,51501000000.0,12149000000.0,7825000000.0,17303911602.209946,16027911602.209946,16754468319.559229
2016-12-31,54992000000.0,35091000000.0,32253000000.0,36570000000.0,51701000000.0,2016756756.7567568,2080716253.443526,2080716253.443526,2080716253.443526,2080716253.443526,30176000000.0,17813000000.0,16106000000.0,19921000000.0,30423000000.0,3510000000.0,1454000000.0,2360000000.0,3232000000.0,3398000000.0,17891000000.0,9014000000.0,7796000000.0,10516000000.0,18361000000.0,23359000000.0,11761000000.0,10105000000.0,13987000000.0,24171000000.0,78351000000.0,46852000000.0,42358000000.0,50557000000.0,75872000000.0,23900000000.0,12149000000.0,7825000000.0,17303911602.209946,16027911602.209946
2017-03-31,38799000000.0,54992000000.0,35091000000.0,32253000000.0,36570000000.0,2016756756.7567568,2016756756.7567568,2080716253.443526,2080716253.443526,2080716253.443526,20591000000.0,30176000000.0,17813000000.0,16106000000.0,19921000000.0,3368000000.0,3510000000.0,1454000000.0,2360000000.0,3232000000.0,11029000000.0,17891000000.0,9014000000.0,7796000000.0,10516000000.0,14097000000.0,23359000000.0,11761000000.0,10105000000.0,13987000000.0,52896000000.0,78351000000.0,46852000000.0,42358000000.0,50557000000.0,9370000000.0,23900000000.0,12149000000.0,7825000000.0,17303911602.209946
2017-06-30,34640000000.0,38799000000.0,54992000000.0,35091000000.0,32253000000.0,2016756756.7567568,2016756756.7567568,2016756756.7567568,2080716253.443526,2080716253.443526,17488000000.0,20591000000.0,30176000000.0,17813000000.0,16106000000.0,2874000000.0,3368000000.0,3510000000.0,1454000000.0,2360000000.0,8717000000.0,11029000000.0,17891000000.0,9014000000.0,7796000000.0,10768000000.0,14097000000.0,23359000000.0,11761000000.0,10105000000.0,45408000000.0,52896000000.0,78351000000.0,46852000000.0,42358000000.0,6086000000.0,9370000000.0,23900000000.0,12149000000.0,7825000000.0
2017-09-30,39459000000.0,34640000000.0,38799000000.0,54992000000.0,35091000000.0,2016756756.7567568,2016756756.7567568,2016756756.7567568,2016756756.7567568,2080716253.443526,19931000000.0,17488000000.0,20591000000.0,30176000000.0,17813000000.0,1839000000.0,2874000000.0,3368000000.0,3510000000.0,1454000000.0,10714000000.0,8717000000.0,11029000000.0,17891000000.0,9014000000.0,13120000000.0,10768000000.0,14097000000.0,23359000000.0,11761000000.0,52579000000.0,45408000000.0,52896000000.0,78351000000.0,46852000000.0,11791000000.0,6086000000.0,9370000000.0,23900000000.0,12149000000.0
2017-12-31,62019000000.0,39459000000.0,34640000000.0,38799000000.0,54992000000.0,2745000000.0,2016756756.7567568,2016756756.7567568,2016756756.7567568,2016756756.7567568,33912000000.0,19931000000.0,17488000000.0,20591000000.0,30176000000.0,3551000000.0,1839000000.0,2874000000.0,3368000000.0,3510000000.0,20065000000.0,10714000000.0,8717000000.0,11029000000.0,17891000000.0,26274000000.0,13120000000.0,10768000000.0,14097000000.0,23359000000.0,88293000000.0,52579000000.0,45408000000.0,52896000000.0,78351000000.0,25483000000.0,11791000000.0,6086000000.0,9370000000.0,23900000000.0
2018-03-31,45243000000.0,62019000000.0,39459000000.0,34640000000.0,38799000000.0,2739000000.0,2745000000.0,2016756756.7567568,2016756756.7567568,2016756756.7567568,23422000000.0,33912000000.0,19931000000.0,17488000000.0,20591000000.0,2789000000.0,3551000000.0,1839000000.0,2874000000.0,3368000000.0,13822000000.0,20065000000.0,10714000000.0,8717000000.0,11029000000.0,15894000000.0,26274000000.0,13120000000.0,10768000000.0,14097000000.0,61137000000.0,88293000000.0,52579000000.0,45408000000.0,52896000000.0,10935000000.0,25483000000.0,11791000000.0,6086000000.0,9370000000.0
2018-06-30,40653000000.0,45243000000.0,62019000000.0,39459000000.0,34640000000.0,2665000000.0,2739000000.0,2745000000.0,2016756756.7567568,2016756756.7567568,20421000000.0,23422000000.0,33912000000.0,19931000000.0,17488000000.0,2479000000.0,2789000000.0,3551000000.0,1839000000.0,2874000000.0,11519000000.0,13822000000.0,20065000000.0,10714000000.0,8717000000.0,12612000000.0,15894000000.0,26274000000.0,13120000000.0,10768000000.0,53265000000.0,61137000000.0,88293000000.0,52579000000.0,45408000000.0,11221000000.0,10935000000.0,25483000000.0,11791000000.0,6086000000.0
2018-09-30,46782000000.0,40653000000.0,45243000000.0,62019000000.0,39459000000.0,2754000000.0,2665000000.0,2739000000.0,2745000000.0,2016756756.7567568,24084000000.0,20421000000.0,23422000000.0,33912000000.0,19931000000.0,1598000000.0,2479000000.0,2789000000.0,3551000000.0,1839000000.0,14125000000.0,11519000000.0,13822000000.0,20065000000.0,10714000000.0,16118000000.0,12612000000.0,15894000000.0,26274000000.0,13120000000.0,62900000000.0,53265000000.0,61137000000.0,88293000000.0,52579000000.0,16482000000.0,11221000000.0,10935000000.0,25483000000.0,11791000000.0
2018-12-31,60964000000.0,46782000000.0,40653000000.0,45243000000.0,62019000000.0,3395000000.0,2754000000.0,2665000000.0,2739000000.0,2745000000.0,32031000000.0,24084000000.0,20421000000.0,23422000000.0,33912000000.0,4916000000.0,1598000000.0,2479000000.0,2789000000.0,3551000000.0,19965000000.0,14125000000.0,11519000000.0,13822000000.0,20065000000.0,23346000000.0,16118000000.0,12612000000.0,15894000000.0,26274000000.0,84310000000.0,62900000000.0,53265000000.0,61137000000.0,88293000000.0,23335000000.0,16482000000.0,11221000000.0,10935000000.0,25483000000.0
2019-03-31,44600000000.0,60964000000.0,46782000000.0,40653000000.0,45243000000.0,3040000000.0,3395000000.0,2754000000.0,2665000000.0,2739000000.0,21821000000.0,32031000000.0,24084000000.0,20421000000.0,23422000000.0,4581000000.0,4916000000.0,1598000000.0,2479000000.0,2789000000.0,11561000000.0,19965000000.0,14125000000.0,11519000000.0,13822000000.0,13415000000.0,23346000000.0,16118000000.0,12612000000.0,15894000000.0,58015000000.0,84310000000.0,62900000000.0,53265000000.0,61137000000.0,8792000000.0,23335000000.0,16482000000.0,11221000000.0,10935000000.0
2019-06-30,42265000000.0,44600000000.0,60964000000.0,46782000000.0,40653000000.0,2933000000.0,3040000000.0,3395000000.0,2754000000.0,2665000000.0,20227000000.0,21821000000.0,32031000000.0,24084000000.0,20421000000.0,2298000000.0,4581000000.0,4916000000.0,1598000000.0,2479000000.0,10044000000.0,11561000000.0,19965000000.0,14125000000.0,11519000000.0,11544000000.0,13415000000.0,23346000000.0,16118000000.0,12612000000.0,53809000000.0,58015000000.0,84310000000.0,62900000000.0,53265000000.0,9636000000.0,8792000000.0,23335000000.0,16482000000.0,11221000000.0
2019-09-30,48415000000.0,42265000000.0,44600000000.0,60964000000.0,46782000000.0,3179000000.0,2933000000.0,3040000000.0,3395000000.0,2754000000.0,24313000000.0,20227000000.0,21821000000.0,32031000000.0,24084000000.0,3468000000.0,2298000000.0,4581000000.0,4916000000.0,1598000000.0,13686000000.0,10044000000.0,11561000000.0,19965000000.0,14125000000.0,15625000000.0,11544000000.0,13415000000.0,23346000000.0,16118000000.0,64040000000.0,53809000000.0,58015000000.0,84310000000.0,62900000000.0,17133000000.0,9636000000.0,8792000000.0,23335000000.0,16482000000.0
2019-12-31,66250000000.0,48415000000.0,42265000000.0,44600000000.0,60964000000.0,2816000000.0,3179000000.0,2933000000.0,3040000000.0,3395000000.0,35217000000.0,24313000000.0,20227000000.0,21821000000.0,32031000000.0,4393000000.0,3468000000.0,2298000000.0,4581000000.0,4916000000.0,22236000000.0,13686000000.0,10044000000.0,11561000000.0,19965000000.0,25569000000.0,15625000000.0,11544000000.0,13415000000.0,23346000000.0,91819000000.0,64040000000.0,53809000000.0,58015000000.0,84310000000.0,28409000000.0,17133000000.0,9636000000.0,8792000000.0,23335000000.0
2020-03-31,45460000000.0,66250000000.0,48415000000.0,42265000000.0,44600000000.0,2786000000.0,2816000000.0,3179000000.0,2933000000.0,3040000000.0,22370000000.0,35217000000.0,24313000000.0,20227000000.0,21821000000.0,3112000000.0,4393000000.0,3468000000.0,2298000000.0,4581000000.0,11249000000.0,22236000000.0,13686000000.0,10044000000.0,11561000000.0,12853000000.0,25569000000.0,15625000000.0,11544000000.0,13415000000.0,58313000000.0,91819000000.0,64040000000.0,53809000000.0,58015000000.0,11458000000.0,28409000000.0,17133000000.0,9636000000.0,8792000000.0
2020-06-30,46594000000.0,45460000000.0,66250000000.0,48415000000.0,42265000000.0,2752000000.0,2786000000.0,2816000000.0,3179000000.0,2933000000.0,22680000000.0,22370000000.0,35217000000.0,24313000000.0,20227000000.0,905000000.0,3112000000.0,4393000000.0,3468000000.0,2298000000.0,11253000000.0,11249000000.0,22236000000.0,13686000000.0,10044000000.0,13091000000.0,12853000000.0,25569000000.0,15625000000.0,11544000000.0,59685000000.0,58313000000.0,91819000000.0,64040000000.0,53809000000.0,14706000000.0,11458000000.0,28409000000.0,17133000000.0,9636000000.0
2020-09-30,49923000000.0,46594000000.0,45460000000.0,66250000000.0,48415000000.0,2702000000.0,2752000000.0,2786000000.0,2816000000.0,3179000000.0,24689000000.0,22680000000.0,22370000000.0,35217000000.0,24313000000.0,1091000000.0,905000000.0,3112000000.0,4393000000.0,3468000000.0,12673000000.0,11253000000.0,11249000000.0,22236000000.0,13686000000.0,14775000000.0,13091000000.0,12853000000.0,25569000000.0,15625000000.0,64698000000.0,59685000000.0,58313000000.0,91819000000.0,64040000000.0,18792000000.0,14706000000.0,11458000000.0,28409000000.0,17133000000.0
2020-12-31,77905000000.0,49923000000.0,46594000000.0,45460000000.0,66250000000.0,2666000000.0,2702000000.0,2752000000.0,2786000000.0,2816000000.0,44328000000.0,24689000000.0,22680000000.0,22370000000.0,35217000000.0,1787000000.0,1091000000.0,905000000.0,3112000000.0,4393000000.0,28755000000.0,12673000000.0,11253000000.0,11249000000.0,22236000000.0,33534000000.0,14775000000.0,13091000000.0,12853000000.0,25569000000.0,111439000000.0,64698000000.0,59685000000.0,58313000000.0,91819000000.0,35263000000.0,18792000000.0,14706000000.0,11458000000.0,28409000000.0
2021-03-31,62081000000.0,77905000000.0,49923000000.0,46594000000.0,45460000000.0,2797000000.0,2666000000.0,2702000000.0,2752000000.0,2786000000.0,38079000000.0,44328000000.0,24689000000.0,22680000000.0,22370000000.0,8489000000.0,1787000000.0,1091000000.0,905000000.0,3112000000.0,23630000000.0,28755000000.0,12673000000.0,11253000000.0,11249000000.0,27503000000.0,33534000000.0,14775000000.0,13091000000.0,12853000000.0,89584000000.0,111439000000.0,64698000000.0,59685000000.0,58313000000.0,21712000000.0,35263000000.0,18792000000.0,14706000000.0,11458000000.0
2021-06-30,57308000000.0,62081000000.0,77905000000.0,49923000000.0,46594000000.0,2832000000.0,2797000000.0,2666000000.0,2702000000.0,2752000000.0,35255000000.0,38079000000.0,44328000000.0,24689000000.0,22680000000.0,8260000000.0,8489000000.0,1787000000.0,1091000000.0,905000000.0,21744000000.0,23630000000.0,28755000000.0,12673000000.0,11253000000.0,24126000000.0,27503000000.0,33534000000.0,14775000000.0,13091000000.0,81434000000.0,89584000000.0,111439000000.0,64698000000.0,59685000000.0,19001000000.0,21712000000.0,35263000000.0,18792000000.0,14706000000.0
2021-09-30,59574000000.0,57308000000.0,62081000000.0,77905000000.0,49923000000.0,2989000000.0,2832000000.0,2797000000.0,2666000000.0,2702000000.0,35174000000.0,35255000000.0,38079000000.0,44328000000.0,24689000000.0,6849000000.0,8260000000.0,8489000000.0,1787000000.0,1091000000.0,20551000000.0,21744000000.0,23630000000.0,28755000000.0,12673000000.0,23786000000.0,24126000000.0,27503000000.0,33534000000.0,14775000000.0,83360000000.0,81434000000.0,89584000000.0,111439000000.0,64698000000.0,16977000000.0,19001000000.0,21712000000.0,35263000000.0,18792000000.0
2021-12-31,82457000000.0,59574000000.0,57308000000.0,62081000000.0,77905000000.0,2697000000.0,2989000000.0,2832000000.0,2797000000.0,2666000000.0,54243000000.0,35174000000.0,35255000000.0,38079000000.0,44328000000.0,5235000000.0,6849000000.0,8260000000.0,8489000000.0,1787000000.0,34630000000.0,20551000000.0,21744000000.0,23630000000.0,28755000000.0,41488000000.0,23786000000.0,24126000000.0,27503000000.0,33534000000.0,123945000000.0,83360000000.0,81434000000.0,89584000000.0,111439000000.0,44163000000.0,16977000000.0,19001000000.0,21712000000.0,35263000000.0
2022-03-31,67299000000.0,82457000000.0,59574000000.0,57308000000.0,62081000000.0,2737000000.0,2697000000.0,2989000000.0,2832000000.0,2797000000.0,42559000000.0,54243000000.0,35174000000.0,35255000000.0,38079000000.0,4066000000.0,5235000000.0,6849000000.0,8260000000.0,8489000000.0,25010000000.0,34630000000.0,20551000000.0,21744000000.0,23630000000.0,29979000000.0,41488000000.0,23786000000.0,24126000000.0,27503000000.0,97278000000.0,123945000000.0,83360000000.0,81434000000.0,89584000000.0,25652000000.0,44163000000.0,16977000000.0,19001000000.0,21712000000.0
2022-06-30,59883000000.0,67299000000.0,82457000000.0,59574000000.0,57308000000.0,2805000000.0,2737000000.0,2697000000.0,2989000000.0,2832000000.0,35885000000.0,42559000000.0,54243000000.0,35174000000.0,35255000000.0,2950000000.0,4066000000.0,5235000000.0,6849000000.0,8260000000.0,19442000000.0,25010000000.0,34630000000.0,20551000000.0,21744000000.0,23076000000.0,29979000000.0,41488000000.0,23786000000.0,24126000000.0,82959000000.0,97278000000.0,123945000000.0,83360000000.0,81434000000.0,20790000000.0,25652000000.0,44163000000.0,16977000000.0,19001000000.0
2022-09-30,65252000000.0,59883000000.0,67299000000.0,82457000000.0,59574000000.0,2865000000.0,2805000000.0,2737000000.0,2697000000.0,2989000000.0,38095000000.0,35885000000.0,42559000000.0,54243000000.0,35174000000.0,7322000000.0,2950000000.0,4066000000.0,5235000000.0,6849000000.0,20721000000.0,19442000000.0,25010000000.0,34630000000.0,20551000000.0,24894000000.0,23076000000.0,29979000000.0,41488000000.0,23786000000.0,90146000000.0,82959000000.0,97278000000.0,123945000000.0,83360000000.0,20838000000.0,20790000000.0,25652000000.0,44163000000.0,16977000000.0
2022-12-31,81138000000.0,65252000000.0,59883000000.0,67299000000.0,82457000000.0,2916000000.0,2865000000.0,2805000000.0,2737000000.0,2697000000.0,50332000000.0,38095000000.0,35885000000.0,42559000000.0,54243000000.0,828000000.0,7322000000.0,2950000000.0,4066000000.0,5235000000.0,29998000000.0,20721000000.0,19442000000.0,25010000000.0,34630000000.0,36016000000.0,24894000000.0,23076000000.0,29979000000.0,41488000000.0,117154000000.0,90146000000.0,82959000000.0,97278000000.0,123945000000.0,30218000000.0,20838000000.0,20790000000.0,25652000000.0,44163000000.0
2023-03-31,66518000000.0,81138000000.0,65252000000.0,59883000000.0,67299000000.0,2898000000.0,2916000000.0,2865000000.0,2805000000.0,2737000000.0,41976000000.0,50332000000.0,38095000000.0,35885000000.0,42559000000.0,4066000000.0,828000000.0,7322000000.0,2950000000.0,4066000000.0,24160000000.0,29998000000.0,20721000000.0,19442000000.0,25010000000.0,28318000000.0,36016000000.0,24894000000.0,23076000000.0,29979000000.0,94836000000.0,117154000000.0,90146000000.0,82959000000.0,97278000000.0,25644000000.0,30218000000.0,20838000000.0,20790000000.0,25652000000.0
2023-06-30,58799000000.0,66518000000.0,81138000000.0,65252000000.0,59883000000.0,3052000000.0,2898000000.0,2916000000.0,2865000000.0,2805000000.0,36413000000.0,41976000000.0,50332000000.0,38095000000.0,35885000000.0,2126000000.0,4066000000.0,828000000.0,7322000000.0,2950000000.0,19881000000.0,24160000000.0,29998000000.0,20721000000.0,19442000000.0,22998000000.0,28318000000.0,36016000000.0,24894000000.0,23076000000.0,81797000000.0,94836000000.0,117154000000.0,90146000000.0,82959000000.0,24287000000.0,25644000000.0,30218000000.0,20838000000.0,20790000000.0
2023-09-30,62529000000.0,58799000000.0,66518000000.0,81138000000.0,65252000000.0,2653000000.0,3052000000.0,2898000000.0,2916000000.0,2865000000.0,40427000000.0,36413000000.0,41976000000.0,50332000000.0,38095000000.0,11659000000.0,2126000000.0,4066000000.0,828000000.0,7322000000.0,22956000000.0,19881000000.0,24160000000.0,29998000000.0,20721000000.0,26969000000.0,22998000000.0,28318000000.0,36016000000.0,24894000000.0,89498000000.0,81797000000.0,94836000000.0,117154000000.0,90146000000.0,19435000000.0,24287000000.0,25644000000.0,30218000000.0,20838000000.0
