,CostsAndExpenses-0,CostsAndExpenses-1,CostsAndExpenses-2,CostsAndExpenses-3,DepreciationAndAmortization-0,DepreciationAndAmortization-1,DepreciationAndAmortization-2,DepreciationAndAmortization-3,EarningsPerShareDiluted-0,EarningsPerShareDiluted-1,EarningsPerShareDiluted-2,EarningsPerShareDiluted-3,GrossProfit-0,GrossProfit-1,GrossProfit-2,GrossProfit-3,IncomeTaxesPaidNet-0,IncomeTaxesPaidNet-1,IncomeTaxesPaidNet-2,IncomeTaxesPaidNet-3,NetIncomeLoss-0,NetIncomeLoss-1,NetIncomeLoss-2,NetIncomeLoss-3,OperatingIncomeLoss-0,OperatingIncomeLoss-1,OperatingIncomeLoss-2,OperatingIncomeLoss-3,Revenues-0,Revenues-1,Revenues-2,Revenues-3,FreeCashFlow-0,FreeCashFlow-1,FreeCashFlow-2,FreeCashFlow-3,EntityCommonStockSharesOutstanding-0,MarketCap,dividend,splits,close,static_quantile,dynamic_quantile,category
2007-09-30,,,,,,,,,,,,,,,,,,,,,,,,,,,,,,,,,,,,,9328000000.0,274802871459.9609,0.0,0.0,29.459999084472656,29.21999969482422,29.96999931335449,8
2007-12-31,,,,,,,,,,,,,,,,,,,,,,,,,,,,,,,,,,,,,9328000000.0,332076785766.6016,0.0,0.0,35.599998474121094,36.07200088500976,35.5759994506836,8
2008-03-31,,,,,,,,,,,,,,,,,,,,,,,,,,,,,,,,,,,,,9328000000.0,264728632171.6309,0.0,0.0,28.3799991607666,29.172000122070312,33.0099983215332,8
2008-06-30,,,,,,,,,,,,,,,,,,,,,,,,,,,,,,,,,,,,,9328000000.0,256613282135.00977,0.0,0.0,27.51000022888184,28.527999114990237,29.507999420166016,8
2008-09-29,,,,,,,,,,,,,,,,,,,,,,,,,,,,,,,,,,,,,8945000000.0,223714452047.348,0.0,0.0,25.01000022888184,27.352000045776368,27.6200008392334,8
2008-12-30,,,,,,,,,,,,,,,,,,,,,,,,,,,,,,,,,,,,,8903000000.0,172184021358.49,0.0,0.0,19.34000015258789,19.8700008392334,22.727999877929687,8
2009-03-31,10671000000.0,12455000000.0,10688000000.0,11565556164.383562,425000000.0,425000000.0,425000000.0,349041095.89041096,0.33,0.47,0.48,0.46,10834000000.0,12722000000.0,12213000000.0,12971000000.0,1650000000.0,1650000000.0,1650000000.0,1346301369.8630135,2977000000.0,4174000000.0,4373000000.0,4297000000.0,4438000000.0,5939000000.0,5999000000.0,5552495890.410959,13648000000.0,16629000000.0,15061000000.0,15837000000.0,5412000000.0,4940000000.0,2592000000.0,4594876712.328767,8891000000.0,163327677461.62415,0.0,0.0,18.3700008392334,17.970000076293946,19.47799949645996,8
2009-06-30,10054000000.0,10671000000.0,12455000000.0,10688000000.0,425000000.0,425000000.0,425000000.0,425000000.0,0.34,0.33,0.47,0.48,10513000000.0,10834000000.0,12722000000.0,12213000000.0,1650000000.0,1650000000.0,1650000000.0,1650000000.0,3045000000.0,2977000000.0,4174000000.0,4373000000.0,3987000000.0,4438000000.0,5939000000.0,5999000000.0,13099000000.0,13648000000.0,16629000000.0,15061000000.0,2974000000.0,5412000000.0,4940000000.0,2592000000.0,8891000000.0,211339074069.9768,0.0,0.0,23.770000457763672,23.69800033569336,23.29000053405761,8
2009-09-29,9346000000.0,10054000000.0,10671000000.0,12455000000.0,450000000.0,425000000.0,425000000.0,425000000.0,0.4,0.34,0.33,0.47,10078000000.0,10513000000.0,10834000000.0,12722000000.0,1025000000.0,1650000000.0,1650000000.0,1650000000.0,3574000000.0,3045000000.0,2977000000.0,4174000000.0,4482000000.0,3987000000.0,4438000000.0,5939000000.0,12920000000.0,13099000000.0,13648000000.0,16629000000.0,5672000000.0,2974000000.0,5412000000.0,4940000000.0,8813000000.0,226934750000.0,0.0,0.0,25.75,25.549999237060547,24.888000488281246,8
2009-12-30,12360000000.0,9346000000.0,10054000000.0,10671000000.0,450000000.0,450000000.0,425000000.0,425000000.0,0.74,0.4,0.34,0.33,15394000000.0,10078000000.0,10513000000.0,10834000000.0,1025000000.0,1025000000.0,1650000000.0,1650000000.0,6662000000.0,3574000000.0,3045000000.0,2977000000.0,8513000000.0,4482000000.0,3987000000.0,4438000000.0,19022000000.0,12920000000.0,13099000000.0,13648000000.0,4593000000.0,5672000000.0,2974000000.0,5412000000.0,8879121378.0,274897589733.8016,0.0,0.0,30.959999084472656,30.96799926757813,30.002000045776366,8
2010-03-31,10497000000.0,12360000000.0,9346000000.0,10054000000.0,450000000.0,450000000.0,450000000.0,425000000.0,0.45,0.74,0.4,0.34,11748000000.0,15394000000.0,10078000000.0,10513000000.0,1025000000.0,1025000000.0,1025000000.0,1650000000.0,4006000000.0,6662000000.0,3574000000.0,3045000000.0,5173000000.0,8513000000.0,4482000000.0,3987000000.0,14503000000.0,19022000000.0,12920000000.0,13099000000.0,6985000000.0,4593000000.0,5672000000.0,2974000000.0,8770460922.0,256886808434.9768,0.0,0.0,29.290000915527344,29.651999664306647,30.28600044250488,8
2010-06-30,11521000000.0,10497000000.0,12360000000.0,9346000000.0,450000000.0,450000000.0,450000000.0,450000000.0,0.51,0.45,0.74,0.4,12869000000.0,11748000000.0,15394000000.0,10078000000.0,1025000000.0,1025000000.0,1025000000.0,1025000000.0,4518000000.0,4006000000.0,6662000000.0,3574000000.0,5930000000.0,5173000000.0,8513000000.0,4482000000.0,16039000000.0,14503000000.0,19022000000.0,12920000000.0,4846000000.0,6985000000.0,4593000000.0,5672000000.0,8763839329.0,201655944966.17365,0.0,0.0,23.01000022888184,26.38400077819824,30.540000915527344,8
2010-09-29,10785000000.0,11521000000.0,10497000000.0,12360000000.0,500000000.0,450000000.0,450000000.0,450000000.0,0.62,0.51,0.45,0.74,13056000000.0,12869000000.0,11748000000.0,15394000000.0,1325000000.0,1025000000.0,1025000000.0,1025000000.0,5410000000.0,4518000000.0,4006000000.0,6662000000.0,7116000000.0,5930000000.0,5173000000.0,8513000000.0,16195000000.0,16039000000.0,14503000000.0,19022000000.0,7630000000.0,4846000000.0,6985000000.0,4593000000.0,8653567331.0,212012399609.5,0.0,0.0,24.5,25.126000595092776,25.51800003051758,8
2010-12-30,13319000000.0,10785000000.0,11521000000.0,10497000000.0,500000000.0,500000000.0,450000000.0,450000000.0,0.77,0.62,0.51,0.45,15120000000.0,13056000000.0,12869000000.0,11748000000.0,1325000000.0,1325000000.0,1025000000.0,1025000000.0,6634000000.0,5410000000.0,4518000000.0,4006000000.0,8165000000.0,7116000000.0,5930000000.0,5173000000.0,19953000000.0,16195000000.0,16039000000.0,14503000000.0,3695000000.0,7630000000.0,4846000000.0,6985000000.0,8555523242.0,238271325553.3731,0.0,0.0,27.850000381469727,28.06999969482422,27.35,8
2011-03-31,11196000000.0,13319000000.0,10785000000.0,11521000000.0,500000000.0,500000000.0,500000000.0,450000000.0,0.61,0.77,0.62,0.51,12531000000.0,15120000000.0,13056000000.0,12869000000.0,1325000000.0,1325000000.0,1325000000.0,1025000000.0,5232000000.0,6634000000.0,5410000000.0,4518000000.0,5709000000.0,8165000000.0,7116000000.0,5930000000.0,16428000000.0,19953000000.0,16195000000.0,16039000000.0,8014000000.0,3695000000.0,7630000000.0,4846000000.0,8402382031.0,213336474638.6829,0.0,0.0,25.38999938964844,25.89399948120117,28.20400047302246,8
2011-06-30,11493000000.0,11196000000.0,13319000000.0,10785000000.0,500000000.0,500000000.0,500000000.0,500000000.0,0.69,0.61,0.77,0.62,13659000000.0,12531000000.0,15120000000.0,13056000000.0,1325000000.0,1325000000.0,1325000000.0,1325000000.0,5874000000.0,5232000000.0,6634000000.0,5410000000.0,6171000000.0,5709000000.0,8165000000.0,7116000000.0,17367000000.0,16428000000.0,19953000000.0,16195000000.0,5300000000.0,8014000000.0,3695000000.0,7630000000.0,8432767307.0,219251949982.0,0.0,0.0,26.0,24.633999252319335,25.81399955749512,8
2011-09-29,11634000000.0,11493000000.0,11196000000.0,13319000000.0,548493150.6849315,500000000.0,500000000.0,500000000.0,0.68,0.69,0.61,0.77,13595000000.0,13659000000.0,12531000000.0,15120000000.0,872602739.7260274,1325000000.0,1325000000.0,1325000000.0,5738000000.0,5874000000.0,5232000000.0,6634000000.0,7203000000.0,6171000000.0,5709000000.0,8165000000.0,17372000000.0,17367000000.0,16428000000.0,19953000000.0,8057000000.0,5300000000.0,8014000000.0,3695000000.0,8378265782.0,213226870544.00952,0.0,0.0,25.450000762939453,26.67600021362305,27.003999710083008,8
2011-12-30,14261000000.0,11634000000.0,11493000000.0,11196000000.0,548493150.6849315,548493150.6849315,500000000.0,500000000.0,0.78,0.68,0.69,0.61,15247000000.0,13595000000.0,13659000000.0,12531000000.0,872602739.7260274,872602739.7260274,1325000000.0,1325000000.0,6624000000.0,5738000000.0,5874000000.0,5232000000.0,7994000000.0,7203000000.0,6171000000.0,5709000000.0,20885000000.0,17372000000.0,17367000000.0,16428000000.0,5364000000.0,8057000000.0,5300000000.0,8014000000.0,8412182277.0,218380244209.3371,0.0,0.0,25.959999084472656,26.02200050354004,26.96399917602539,8
2012-03-29,12299000000.0,14261000000.0,11634000000.0,11493000000.0,548493150.6849315,548493150.6849315,548493150.6849315,500000000.0,0.6,0.78,0.68,0.69,13455000000.0,15247000000.0,13595000000.0,13659000000.0,872602739.7260274,872602739.7260274,872602739.7260274,1325000000.0,5108000000.0,6624000000.0,5738000000.0,5874000000.0,6374000000.0,7994000000.0,7203000000.0,6171000000.0,17407000000.0,20885000000.0,17372000000.0,17367000000.0,7135838356.164384,7386838356.164384,7448838356.164384,6106500000.0,8390771388.0,269511568020.24927,0.0,0.0,32.119998931884766,32.59199981689453,32.0099983215332,8
2012-06-28,18551000000.0,12299000000.0,14261000000.0,11634000000.0,548493150.6849315,548493150.6849315,548493150.6849315,548493150.6849315,-0.06,0.6,0.78,0.68,13896000000.0,13455000000.0,15247000000.0,13595000000.0,872602739.7260274,872602739.7260274,872602739.7260274,872602739.7260274,-492000000.0,5108000000.0,6624000000.0,5738000000.0,192000000.0,6374000000.0,7994000000.0,7203000000.0,18059000000.0,17407000000.0,20885000000.0,17372000000.0,7262838356.164384,7135838356.164384,7386838356.164384,7448838356.164384,8400866103.0,251269903858.8596,0.0,0.0,29.90999984741211,30.14599952697754,31.568000411987303,8
2012-09-28,11542000000.0,18551000000.0,12299000000.0,14261000000.0,650000000.0,548493150.6849315,548493150.6849315,548493150.6849315,0.53,-0.06,0.6,0.78,11840000000.0,13896000000.0,13455000000.0,15247000000.0,975000000.0,872602739.7260274,872602739.7260274,872602739.7260274,4466000000.0,-492000000.0,5108000000.0,6624000000.0,5308000000.0,192000000.0,6374000000.0,7994000000.0,16008000000.0,18059000000.0,17407000000.0,20885000000.0,7881000000.0,7055000000.0,8845000000.0,5364000000.0,8383396575.0,249489883990.8072,0.0,0.0,29.76000022888184,31.194000244140625,30.835999679565436,8
2012-12-30,15079000000.0,11542000000.0,18551000000.0,12299000000.0,650000000.0,650000000.0,548493150.6849315,548493150.6849315,0.76,0.53,-0.06,0.6,15764000000.0,11840000000.0,13896000000.0,13455000000.0,975000000.0,975000000.0,872602739.7260274,872602739.7260274,6377000000.0,4466000000.0,-492000000.0,5108000000.0,7771000000.0,5308000000.0,192000000.0,6374000000.0,21456000000.0,16008000000.0,18059000000.0,17407000000.0,3850000000.0,7881000000.0,7055000000.0,8845000000.0,8416462491.0,223457072714.7987,0.0,0.0,26.549999237060547,27.31199951171875,29.216000747680663,8
2013-03-31,14434000000.0,15079000000.0,11542000000.0,18551000000.0,650000000.0,650000000.0,650000000.0,548493150.6849315,0.72,0.76,0.53,-0.06,15702000000.0,15764000000.0,11840000000.0,13896000000.0,975000000.0,975000000.0,975000000.0,872602739.7260274,6055000000.0,6377000000.0,4466000000.0,-492000000.0,7612000000.0,7771000000.0,5308000000.0,192000000.0,20489000000.0,21456000000.0,16008000000.0,18059000000.0,8736000000.0,3850000000.0,7881000000.0,7055000000.0,8376244910.0,239644371987.55417,0.0,0.0,28.61000061035156,28.32599983215332,28.092000198364257,8
2013-06-30,14931000000.0,14434000000.0,15079000000.0,11542000000.0,650000000.0,650000000.0,650000000.0,650000000.0,0.59,0.72,0.76,0.53,14294000000.0,15702000000.0,15764000000.0,11840000000.0,975000000.0,975000000.0,975000000.0,975000000.0,4965000000.0,6055000000.0,6377000000.0,4466000000.0,6073000000.0,7612000000.0,7771000000.0,5308000000.0,19896000000.0,20489000000.0,21456000000.0,16008000000.0,4109000000.0,8736000000.0,3850000000.0,7881000000.0,8351106590.0,288447229264.2664,0.0,0.0,34.540000915527344,35.0,34.869998931884766,8
2013-09-29,13316000000.0,14931000000.0,14434000000.0,15079000000.0,850000000.0,650000000.0,650000000.0,650000000.0,0.62,0.59,0.72,0.76,13415000000.0,14294000000.0,15702000000.0,15764000000.0,1375000000.0,975000000.0,975000000.0,975000000.0,5244000000.0,4965000000.0,6055000000.0,6377000000.0,6334000000.0,6073000000.0,7612000000.0,7771000000.0,18529000000.0,19896000000.0,20489000000.0,21456000000.0,6974000000.0,4109000000.0,8736000000.0,3850000000.0,8329956402.0,277137653307.6914,0.0,0.0,33.27000045776367,33.27000045776367,34.03799896240234,8
2013-12-30,17999000000.0,13316000000.0,14931000000.0,14434000000.0,850000000.0,850000000.0,650000000.0,650000000.0,0.78,0.62,0.59,0.72,16235000000.0,13415000000.0,14294000000.0,15702000000.0,1375000000.0,1375000000.0,975000000.0,975000000.0,6558000000.0,5244000000.0,4965000000.0,6055000000.0,7969000000.0,6334000000.0,6073000000.0,7612000000.0,24519000000.0,18529000000.0,19896000000.0,20489000000.0,2681000000.0,6974000000.0,4109000000.0,8736000000.0,8347968348.0,311295747339.71326,0.0,0.0,37.290000915527344,38.320001220703126,37.79199905395508,8
2014-03-31,14780000000.0,17999000000.0,13316000000.0,14931000000.0,850000000.0,850000000.0,850000000.0,650000000.0,0.68,0.78,0.62,0.59,14462000000.0,16235000000.0,13415000000.0,14294000000.0,1375000000.0,1375000000.0,1375000000.0,975000000.0,5660000000.0,6558000000.0,5244000000.0,4965000000.0,6974000000.0,7969000000.0,6334000000.0,6073000000.0,20403000000.0,24519000000.0,18529000000.0,19896000000.0,8907000000.0,2681000000.0,6974000000.0,4109000000.0,8300723725.0,340246679420.23914,0.0,0.0,40.9900016784668,40.29999923706055,38.27800064086914,8
2014-06-30,18770000000.0,14780000000.0,17999000000.0,13316000000.0,850000000.0,850000000.0,850000000.0,850000000.0,0.55,0.68,0.78,0.62,15787000000.0,14462000000.0,16235000000.0,13415000000.0,1375000000.0,1375000000.0,1375000000.0,1375000000.0,4612000000.0,5660000000.0,6558000000.0,5244000000.0,6482000000.0,6974000000.0,7969000000.0,6334000000.0,23382000000.0,20403000000.0,24519000000.0,18529000000.0,8184000000.0,8907000000.0,2681000000.0,6974000000.0,8260411967.0,344459185326.0942,0.0,0.0,41.70000076293945,41.7260009765625,41.375998687744136,8
2014-09-29,18661000000.0,18770000000.0,14780000000.0,17999000000.0,1025000000.0,850000000.0,850000000.0,850000000.0,0.54,0.55,0.68,0.78,14928000000.0,15787000000.0,14462000000.0,16235000000.0,1100000000.0,1375000000.0,1375000000.0,1375000000.0,4540000000.0,4612000000.0,5660000000.0,6558000000.0,5844000000.0,6482000000.0,6974000000.0,7969000000.0,23201000000.0,23382000000.0,20403000000.0,24519000000.0,7072000000.0,8184000000.0,8907000000.0,2681000000.0,8239848789.0,382658566445.4497,0.0,0.0,46.43999862670898,46.87200012207031,46.40999984741211,8
2014-12-30,20607000000.0,18661000000.0,18770000000.0,14780000000.0,1025000000.0,1025000000.0,850000000.0,850000000.0,0.71,0.54,0.55,0.68,16334000000.0,14928000000.0,15787000000.0,14462000000.0,1100000000.0,1100000000.0,1375000000.0,1375000000.0,5863000000.0,4540000000.0,4612000000.0,5660000000.0,7776000000.0,5844000000.0,6482000000.0,6974000000.0,26470000000.0,23201000000.0,23382000000.0,20403000000.0,2850000000.0,7072000000.0,8184000000.0,8907000000.0,8242852827.0,387578943698.8186,0.0,0.0,47.02000045776367,48.41999816894531,48.42599868774414,8
2015-03-31,16744000000.0,20607000000.0,18661000000.0,18770000000.0,1025000000.0,1025000000.0,1025000000.0,850000000.0,0.61,0.71,0.54,0.55,14568000000.0,16334000000.0,14928000000.0,15787000000.0,1100000000.0,1100000000.0,1100000000.0,1375000000.0,4985000000.0,5863000000.0,4540000000.0,4612000000.0,6594000000.0,7776000000.0,5844000000.0,6482000000.0,21729000000.0,26470000000.0,23201000000.0,23382000000.0,8210000000.0,2850000000.0,7072000000.0,8184000000.0,8203785341.0,333565910713.2617,0.0,0.0,40.65999984741211,42.880001068115234,46.2400016784668,8
2015-06-30,25375000000.0,16744000000.0,20607000000.0,18661000000.0,1025000000.0,1025000000.0,1025000000.0,1025000000.0,-0.4,0.61,0.71,0.54,14712000000.0,14568000000.0,16334000000.0,14928000000.0,1100000000.0,1100000000.0,1100000000.0,1100000000.0,-3195000000.0,4985000000.0,5863000000.0,4540000000.0,-2053000000.0,6594000000.0,7776000000.0,5844000000.0,22180000000.0,21729000000.0,26470000000.0,23201000000.0,5035000000.0,8210000000.0,2850000000.0,7072000000.0,8089575277.0,357154760823.26227,0.0,0.0,44.150001525878906,46.37600021362304,47.75,8
2015-09-29,15759000000.0,25375000000.0,16744000000.0,20607000000.0,1221643835.6164384,1025000000.0,1025000000.0,1025000000.0,0.57,-0.4,0.61,0.71,13172000000.0,14712000000.0,14568000000.0,16334000000.0,972328767.1232876,1100000000.0,1100000000.0,1100000000.0,4620000000.0,-3195000000.0,4985000000.0,5863000000.0,5793000000.0,-2053000000.0,6594000000.0,7776000000.0,20379000000.0,22180000000.0,21729000000.0,26470000000.0,7520000000.0,5035000000.0,8210000000.0,2850000000.0,7997980969.0,347432282309.80457,0.0,0.0,43.43999862670898,43.93999862670898,46.70000076293945,8
2015-12-30,18798000000.0,15759000000.0,25375000000.0,16744000000.0,1221643835.6164384,1221643835.6164384,1025000000.0,1025000000.0,0.62,0.57,-0.4,0.61,13924000000.0,13172000000.0,14712000000.0,14568000000.0,972328767.1232876,972328767.1232876,1100000000.0,1100000000.0,4998000000.0,4620000000.0,-3195000000.0,4985000000.0,6026000000.0,5793000000.0,-2053000000.0,6594000000.0,23796000000.0,20379000000.0,22180000000.0,21729000000.0,3594000000.0,7520000000.0,5035000000.0,8210000000.0,7987913152.0,449799400558.84937,0.0,0.0,56.310001373291016,55.90999984741211,55.21199951171875,8
2016-03-30,16775000000.0,18798000000.0,15759000000.0,25375000000.0,1221643835.6164384,1221643835.6164384,1221643835.6164384,1025000000.0,0.47,0.62,0.57,-0.4,12809000000.0,13924000000.0,13172000000.0,14712000000.0,972328767.1232876,972328767.1232876,972328767.1232876,1100000000.0,3756000000.0,4998000000.0,4620000000.0,-3195000000.0,5283000000.0,6026000000.0,5793000000.0,-2053000000.0,20531000000.0,23796000000.0,20379000000.0,22180000000.0,8059000000.0,3594000000.0,7520000000.0,5035000000.0,7909302774.0,435407111674.38086,0.0,0.0,55.04999923706055,54.209999084472656,54.05399932861328,8
2016-06-29,17685547945.20548,16775000000.0,18798000000.0,15759000000.0,1221643835.6164384,1221643835.6164384,1221643835.6164384,1221643835.6164384,0.39,0.47,0.62,0.57,12635000000.0,12809000000.0,13924000000.0,13172000000.0,972328767.1232876,972328767.1232876,972328767.1232876,972328767.1232876,3122000000.0,3756000000.0,4998000000.0,4620000000.0,3080000000.0,5283000000.0,6026000000.0,5793000000.0,22726065753.424656,20531000000.0,23796000000.0,20379000000.0,5653424657.534246,6000424657.534246,6284424657.534246,6952424657.534246,7860466856.0,397268002098.71234,0.0,0.0,50.540000915527344,51.93600006103516,54.41999816894531,8
2016-09-28,15763000000.0,17492000000.0,16775000000.0,18798000000.0,1525000000.0,1221643835.6164384,1221643835.6164384,1221643835.6164384,0.6,0.39,0.47,0.62,12609000000.0,12635000000.0,12809000000.0,13924000000.0,600000000.0,972328767.1232876,972328767.1232876,972328767.1232876,4690000000.0,3122000000.0,3756000000.0,4998000000.0,5225000000.0,3080000000.0,5283000000.0,6026000000.0,21928000000.0,22726065753.424656,20531000000.0,23796000000.0,9386000000.0,5809000000.0,8059000000.0,3594000000.0,7792515573.0,452199669188.8419,0.0,0.0,58.02999877929688,57.66999816894531,57.93999862670898,8
2016-12-30,18890000000.0,15763000000.0,17492000000.0,16775000000.0,1525000000.0,1525000000.0,1221643835.6164384,1221643835.6164384,0.66,0.6,0.39,0.47,14189000000.0,12609000000.0,12635000000.0,12809000000.0,600000000.0,600000000.0,972328767.1232876,972328767.1232876,5200000000.0,4690000000.0,3122000000.0,3756000000.0,6177000000.0,5225000000.0,3080000000.0,5283000000.0,25826000000.0,21928000000.0,22726065753.424656,20531000000.0,4305000000.0,9386000000.0,5653424657.534246,6000424657.534246,7775350501.0,483160275386.4427,0.0,0.0,62.13999938964844,63.2400016784668,62.145999145507815,8
2017-03-31,17794250000.0,17554250000.0,16484250000.0,17685547945.20548,1525000000.0,1525000000.0,1525000000.0,1221643835.6164384,0.61,0.66,0.6,0.39,14030000000.0,14189000000.0,12609000000.0,12635000000.0,600000000.0,600000000.0,600000000.0,972328767.1232876,4801000000.0,5200000000.0,4690000000.0,3122000000.0,5594000000.0,6177000000.0,5225000000.0,3080000000.0,23212000000.0,25826000000.0,21928000000.0,22726065753.424656,8965000000.0,4305000000.0,9386000000.0,5653424657.534246,7727529820.0,508935118661.7099,0.0,0.0,65.86000061035156,64.997998046875,64.93000030517578,8
2017-06-30,16913250000.0,17794250000.0,17554250000.0,16484250000.0,1525000000.0,1525000000.0,1525000000.0,1525000000.0,0.83,0.61,0.66,0.6,14861000000.0,14030000000.0,14189000000.0,12609000000.0,600000000.0,600000000.0,600000000.0,600000000.0,6513000000.0,4801000000.0,5200000000.0,4690000000.0,5330000000.0,5594000000.0,6177000000.0,5225000000.0,25605000000.0,23212000000.0,25826000000.0,21928000000.0,8722000000.0,8965000000.0,4305000000.0,9386000000.0,7720514731.0,532175082763.9441,0.0,0.0,68.93000030517578,71.76000213623047,70.2699966430664,8
2017-09-29,17962000000.0,16913250000.0,17794250000.0,17554250000.0,1925000000.0,1525000000.0,1525000000.0,1525000000.0,0.84,0.83,0.61,0.66,16260000000.0,14861000000.0,14030000000.0,14189000000.0,1375000000.0,600000000.0,600000000.0,600000000.0,6576000000.0,6513000000.0,4801000000.0,5200000000.0,7708000000.0,5330000000.0,5594000000.0,6177000000.0,24538000000.0,25605000000.0,23212000000.0,25826000000.0,10308000000.0,8722000000.0,8965000000.0,4305000000.0,7702243979.0,573740137541.9418,0.0,0.0,74.48999786376953,74.98400268554687,74.19400177001953,8
2017-12-30,35220000000.0,17962000000.0,16913250000.0,17794250000.0,1925000000.0,1925000000.0,1525000000.0,1525000000.0,-0.82,0.84,0.83,0.61,17854000000.0,16260000000.0,14861000000.0,14030000000.0,1375000000.0,1375000000.0,600000000.0,600000000.0,-6302000000.0,6576000000.0,6513000000.0,4801000000.0,8679000000.0,7708000000.0,5330000000.0,5594000000.0,28918000000.0,24538000000.0,25605000000.0,23212000000.0,5289000000.0,10308000000.0,8722000000.0,8965000000.0,7714590195.0,659906052343.2183,0.0,0.0,85.54000091552734,85.71199951171874,85.25400238037109,8
2018-03-31,19395000000.0,35220000000.0,17962000000.0,16913250000.0,1925000000.0,1925000000.0,1925000000.0,1525000000.0,0.95,-0.82,0.84,0.83,17550000000.0,17854000000.0,16260000000.0,14861000000.0,1375000000.0,1375000000.0,1375000000.0,600000000.0,7424000000.0,-6302000000.0,6576000000.0,6513000000.0,8292000000.0,8679000000.0,7708000000.0,5330000000.0,26819000000.0,28918000000.0,24538000000.0,25605000000.0,9217000000.0,5289000000.0,10308000000.0,8722000000.0,7699792852.0,702760067754.3467,0.0,0.0,91.2699966430664,94.5999984741211,94.05999755859376,8
2018-06-30,21212000000.0,19395000000.0,35220000000.0,17962000000.0,1925000000.0,1925000000.0,1925000000.0,1925000000.0,1.14,0.95,-0.82,0.84,20343000000.0,17550000000.0,17854000000.0,16260000000.0,1375000000.0,1375000000.0,1375000000.0,1375000000.0,8873000000.0,7424000000.0,-6302000000.0,6576000000.0,10379000000.0,8292000000.0,8679000000.0,7708000000.0,30085000000.0,26819000000.0,28918000000.0,24538000000.0,7438000000.0,9217000000.0,5289000000.0,10308000000.0,7683197503.0,757640110460.2816,0.0,0.0,98.61000061035156,101.62999725341795,100.48600311279296,8
2018-09-29,20260000000.0,21212000000.0,19395000000.0,35220000000.0,2425000000.0,1925000000.0,1925000000.0,1925000000.0,1.14,1.14,0.95,-0.82,19179000000.0,20343000000.0,17550000000.0,17854000000.0,2100000000.0,1375000000.0,1375000000.0,1375000000.0,8824000000.0,8873000000.0,7424000000.0,-6302000000.0,9955000000.0,10379000000.0,8292000000.0,8679000000.0,29084000000.0,30085000000.0,26819000000.0,28918000000.0,10055000000.0,7438000000.0,9217000000.0,5289000000.0,7668217316.0,877014035492.3079,0.0,0.0,114.37000274658205,114.26000213623048,112.33000183105467,8
2018-12-30,24051000000.0,20260000000.0,21212000000.0,19395000000.0,2425000000.0,2425000000.0,1925000000.0,1925000000.0,1.08,1.14,1.14,0.95,20048000000.0,19179000000.0,20343000000.0,17550000000.0,2100000000.0,2100000000.0,1375000000.0,1375000000.0,8420000000.0,8824000000.0,8873000000.0,7424000000.0,10258000000.0,9955000000.0,10379000000.0,8292000000.0,32471000000.0,29084000000.0,30085000000.0,26819000000.0,5193000000.0,10055000000.0,7438000000.0,9217000000.0,7676218736.0,770615594221.8479,0.0,0.0,100.38999938964844,108.68799743652345,109.74199829101562,8
2019-03-31,21762000000.0,24051000000.0,20260000000.0,21212000000.0,2425000000.0,2425000000.0,2425000000.0,1925000000.0,1.14,1.08,1.14,1.14,20401000000.0,20048000000.0,19179000000.0,20343000000.0,2100000000.0,2100000000.0,2100000000.0,1375000000.0,8809000000.0,8420000000.0,8824000000.0,8873000000.0,10341000000.0,10258000000.0,9955000000.0,10379000000.0,30571000000.0,32471000000.0,29084000000.0,30085000000.0,10955000000.0,5193000000.0,10055000000.0,7438000000.0,7672213446.0,904860872552.23,0.0,0.0,117.94000244140624,117.652001953125,114.51799926757812,8
2019-06-30,20530000000.0,21762000000.0,24051000000.0,20260000000.0,2425000000.0,2425000000.0,2425000000.0,2425000000.0,1.71,1.14,1.08,1.14,23305000000.0,20401000000.0,20048000000.0,19179000000.0,2100000000.0,2100000000.0,2100000000.0,2100000000.0,13187000000.0,8809000000.0,8420000000.0,8824000000.0,12405000000.0,10341000000.0,10258000000.0,9955000000.0,33717000000.0,30571000000.0,32471000000.0,29084000000.0,12057000000.0,10955000000.0,5193000000.0,10055000000.0,7662817920.0,1026511140010.3418,0.0,0.0,133.9600067138672,135.26600341796876,132.34600524902345,8
2019-09-29,22377000000.0,20530000000.0,21762000000.0,24051000000.0,2667671232.8767123,2425000000.0,2425000000.0,2425000000.0,1.38,1.71,1.14,1.08,22649000000.0,23305000000.0,20401000000.0,20048000000.0,3116438356.1643834,2100000000.0,2100000000.0,2100000000.0,10678000000.0,13187000000.0,8809000000.0,8420000000.0,12686000000.0,12405000000.0,10341000000.0,10258000000.0,33055000000.0,33717000000.0,30571000000.0,32471000000.0,10433000000.0,12057000000.0,10955000000.0,5193000000.0,7635409400.0,1051624904040.0116,0.0,0.0,137.72999572753906,139.3760009765625,139.10000610351562,8
2019-12-30,25257000000.0,22377000000.0,20530000000.0,21762000000.0,2667671232.8767123,2667671232.8767123,2425000000.0,2425000000.0,1.51,1.38,1.71,1.14,24548000000.0,22649000000.0,23305000000.0,20401000000.0,3116438356.1643834,3116438356.1643834,2100000000.0,2100000000.0,11649000000.0,10678000000.0,13187000000.0,8809000000.0,13891000000.0,12686000000.0,12405000000.0,10341000000.0,36906000000.0,33055000000.0,33717000000.0,30571000000.0,7135000000.0,10433000000.0,12057000000.0,10955000000.0,7628805618.0,1202223449403.0994,0.0,0.0,157.58999633789062,157.41000366210938,153.46600341796875,8
2020-03-30,24269000000.0,25257000000.0,22377000000.0,20530000000.0,2667671232.8767123,2667671232.8767123,2667671232.8767123,2425000000.0,1.4,1.51,1.38,1.71,24046000000.0,24548000000.0,22649000000.0,23305000000.0,3116438356.1643834,3116438356.1643834,3116438356.1643834,2100000000.0,10752000000.0,11649000000.0,10678000000.0,13187000000.0,12975000000.0,13891000000.0,12686000000.0,12405000000.0,35021000000.0,36906000000.0,33055000000.0,33717000000.0,13737000000.0,7135000000.0,10433000000.0,12057000000.0,7606047010.0,1218716879915.7612,0.0,0.0,160.22999572753906,161.57000732421875,178.58999633789062,8
2020-06-29,26831000000.0,24269000000.0,25257000000.0,22377000000.0,2667671232.8767123,2667671232.8767123,2667671232.8767123,2667671232.8767123,1.46,1.4,1.51,1.38,25694000000.0,24046000000.0,24548000000.0,22649000000.0,3116438356.1643834,3116438356.1643834,3116438356.1643834,3116438356.1643834,11202000000.0,10752000000.0,11649000000.0,10678000000.0,13407000000.0,12975000000.0,13891000000.0,12686000000.0,38033000000.0,35021000000.0,36906000000.0,33055000000.0,13929000000.0,13737000000.0,7135000000.0,10433000000.0,7583440247.0,1504857901128.9385,0.0,0.0,198.44000244140625,196.43200073242187,187.8640045166016,8
2020-09-28,23261000000.0,26831000000.0,24269000000.0,25257000000.0,2325000000.0,2667671232.8767123,2667671232.8767123,2667671232.8767123,1.82,1.46,1.4,1.51,26152000000.0,25694000000.0,24046000000.0,24548000000.0,3350000000.0,3116438356.1643834,3116438356.1643834,3116438356.1643834,13893000000.0,11202000000.0,10752000000.0,11649000000.0,15876000000.0,13407000000.0,12975000000.0,13891000000.0,37154000000.0,38033000000.0,35021000000.0,36906000000.0,14428000000.0,13929000000.0,13737000000.0,7135000000.0,7567652935.0,1584969249182.1152,0.0,0.0,209.44000244140625,214.25,213.802001953125,8
2020-12-30,27613000000.0,23261000000.0,26831000000.0,24269000000.0,2325000000.0,2325000000.0,2667671232.8767123,2667671232.8767123,2.03,1.82,1.46,1.4,28882000000.0,26152000000.0,25694000000.0,24046000000.0,3350000000.0,3350000000.0,3116438356.1643834,3116438356.1643834,15463000000.0,13893000000.0,11202000000.0,10752000000.0,17897000000.0,15876000000.0,13407000000.0,12975000000.0,43076000000.0,37154000000.0,38033000000.0,35021000000.0,8342000000.0,14428000000.0,13929000000.0,13737000000.0,7560495969.0,1676010691033.1936,0.0,0.0,221.67999267578125,222.75,219.6600036621093,8
2021-03-31,26249000000.0,27613000000.0,23261000000.0,26831000000.0,2325000000.0,2325000000.0,2325000000.0,2667671232.8767123,2.03,2.03,1.82,1.46,28661000000.0,28882000000.0,26152000000.0,25694000000.0,3350000000.0,3350000000.0,3350000000.0,3116438356.1643834,15457000000.0,15463000000.0,13893000000.0,11202000000.0,17048000000.0,17897000000.0,15876000000.0,13407000000.0,41706000000.0,43076000000.0,37154000000.0,38033000000.0,17090000000.0,8342000000.0,14428000000.0,13929000000.0,7542215767.0,1778228243609.4124,0.0,0.0,235.7700042724609,236.47999572753903,240.97000122070312,8
2021-06-30,29694000000.0,26249000000.0,27613000000.0,23261000000.0,2325000000.0,2325000000.0,2325000000.0,2325000000.0,2.170000000000001,2.03,2.03,1.82,32161000000.0,28661000000.0,28882000000.0,26152000000.0,3350000000.0,3350000000.0,3350000000.0,3350000000.0,16458000000.0,15457000000.0,15463000000.0,13893000000.0,19095000000.0,17048000000.0,17897000000.0,15876000000.0,46152000000.0,41706000000.0,43076000000.0,37154000000.0,16258000000.0,17090000000.0,8342000000.0,14428000000.0,7531574551.0,2040303499896.817,0.0,0.0,270.8999938964844,265.0699890136719,260.739990234375,8
2021-09-29,24812000000.0,29694000000.0,26249000000.0,27613000000.0,3150000000.0,2325000000.0,2325000000.0,2325000000.0,2.71,2.170000000000001,2.03,2.03,31671000000.0,32161000000.0,28661000000.0,28882000000.0,4000000000.0,3350000000.0,3350000000.0,3350000000.0,20505000000.0,16458000000.0,15457000000.0,15463000000.0,20238000000.0,19095000000.0,17048000000.0,17897000000.0,45317000000.0,46152000000.0,41706000000.0,43076000000.0,18730000000.0,16258000000.0,17090000000.0,8342000000.0,7514891248.0,2134229114432.0,0.0,0.0,284.0,301.1400146484375,299.93199462890624,8
2021-12-30,32963000000.0,24812000000.0,29694000000.0,26249000000.0,3150000000.0,3150000000.0,2325000000.0,2325000000.0,2.48,2.71,2.170000000000001,2.03,34768000000.0,31671000000.0,32161000000.0,28661000000.0,4000000000.0,4000000000.0,3350000000.0,3350000000.0,18765000000.0,20505000000.0,16458000000.0,15457000000.0,22247000000.0,20238000000.0,19095000000.0,17048000000.0,51728000000.0,45317000000.0,46152000000.0,41706000000.0,8615000000.0,18730000000.0,16258000000.0,17090000000.0,7507980444.0,2547607979248.171,0.0,0.0,339.32000732421875,339.7699951171875,337.12799072265625,8
2022-03-31,32632000000.0,32963000000.0,24812000000.0,29694000000.0,3150000000.0,3150000000.0,3150000000.0,2325000000.0,2.22,2.48,2.71,2.170000000000001,33745000000.0,34768000000.0,31671000000.0,32161000000.0,4000000000.0,4000000000.0,4000000000.0,3350000000.0,16728000000.0,18765000000.0,20505000000.0,16458000000.0,20364000000.0,22247000000.0,20238000000.0,19095000000.0,49360000000.0,51728000000.0,45317000000.0,46152000000.0,20046000000.0,8615000000.0,18730000000.0,16258000000.0,7496866428.0,2311358870113.783,0.0,0.0,308.3099975585937,303.75599365234376,310.3000122070313,8
2022-06-30,35125000000.0,32632000000.0,32963000000.0,24812000000.0,3150000000.0,3150000000.0,3150000000.0,3150000000.0,2.24,2.22,2.48,2.71,35436000000.0,33745000000.0,34768000000.0,31671000000.0,4000000000.0,4000000000.0,4000000000.0,4000000000.0,16740000000.0,16728000000.0,18765000000.0,20505000000.0,20534000000.0,20364000000.0,22247000000.0,20238000000.0,51865000000.0,49360000000.0,51728000000.0,45317000000.0,17758000000.0,20046000000.0,8615000000.0,18730000000.0,7479033135.0,1920839979635.58,0.0,0.0,256.8299865722656,270.0199890136719,281.83599853515625,8
2022-09-29,32566000000.0,35125000000.0,32632000000.0,32963000000.0,2750000000.0,3150000000.0,3150000000.0,3150000000.0,2.35,2.24,2.22,2.48,34670000000.0,35436000000.0,33745000000.0,34768000000.0,5775000000.0,4000000000.0,4000000000.0,4000000000.0,17556000000.0,16740000000.0,16728000000.0,18765000000.0,21518000000.0,20534000000.0,20364000000.0,22247000000.0,50122000000.0,51865000000.0,49360000000.0,51728000000.0,16915000000.0,17758000000.0,20046000000.0,8615000000.0,7457891872.0,1771249319600.0,0.0,0.0,237.5,258.8959899902344,281.05198974609374,8
2022-12-30,36322000000.0,32566000000.0,35125000000.0,32632000000.0,2750000000.0,2750000000.0,3150000000.0,3150000000.0,2.2,2.35,2.24,2.22,35259000000.0,34670000000.0,35436000000.0,33745000000.0,5775000000.0,5775000000.0,4000000000.0,4000000000.0,16425000000.0,17556000000.0,16740000000.0,16728000000.0,20399000000.0,21518000000.0,20534000000.0,20364000000.0,52747000000.0,50122000000.0,51865000000.0,49360000000.0,4899000000.0,16915000000.0,17758000000.0,20046000000.0,7454473144.0,1787731803992.272,0.0,0.0,239.82000732421875,252.94599609375004,247.41799621582035,8
2023-03-31,34558000000.0,36322000000.0,32566000000.0,35125000000.0,2750000000.0,2750000000.0,2750000000.0,3150000000.0,2.45,2.2,2.35,2.24,36729000000.0,35259000000.0,34670000000.0,35436000000.0,5775000000.0,5775000000.0,5775000000.0,4000000000.0,18299000000.0,16425000000.0,17556000000.0,16740000000.0,22352000000.0,20399000000.0,21518000000.0,20534000000.0,52857000000.0,52747000000.0,50122000000.0,51865000000.0,17834000000.0,4899000000.0,16915000000.0,17758000000.0,7443803533.0,2146048467697.1577,0.0,0.0,288.29998779296875,279.64599609375,269.7200073242187,8
2023-06-30,36108000000.0,34558000000.0,36322000000.0,32566000000.0,2750000000.0,2750000000.0,2750000000.0,3150000000.0,2.6899999999999995,2.45,2.2,2.35,39394000000.0,36729000000.0,35259000000.0,34670000000.0,5775000000.0,5775000000.0,5775000000.0,4000000000.0,20081000000.0,18299000000.0,16425000000.0,17556000000.0,24254000000.0,22352000000.0,20399000000.0,21518000000.0,56189000000.0,52857000000.0,52747000000.0,50122000000.0,19827000000.0,17834000000.0,4899000000.0,16915000000.0,7435487575.0,2532081002326.1606,0.0,0.0,340.5400085449219,339.87599487304686,334.6600036621094,8
2023-09-30,34226000000.0,36108000000.0,34558000000.0,36322000000.0,2750000000.0,2750000000.0,2750000000.0,3150000000.0,2.99,2.6899999999999995,2.45,2.2,40215000000.0,39394000000.0,36729000000.0,35259000000.0,5775000000.0,5775000000.0,5775000000.0,4000000000.0,22291000000.0,20081000000.0,18299000000.0,16425000000.0,26895000000.0,24254000000.0,22352000000.0,20399000000.0,56517000000.0,56189000000.0,52857000000.0,52747000000.0,20666000000.0,19827000000.0,17834000000.0,4899000000.0,7429763722.0,2345947895221.5,0.0,0.0,315.75,333.69398803710936,338.193994140625,8
2023-12-31,40150000000.0,34226000000.0,36108000000.0,34558000000.0,2750000000.0,2750000000.0,2750000000.0,3150000000.0,2.93,2.99,2.6899999999999995,2.45,42397000000.0,40215000000.0,39394000000.0,36729000000.0,5775000000.0,5775000000.0,5775000000.0,4000000000.0,21870000000.0,22291000000.0,20081000000.0,18299000000.0,27032000000.0,26895000000.0,24254000000.0,22352000000.0,62020000000.0,56517000000.0,56189000000.0,52857000000.0,9118000000.0,20666000000.0,19827000000.0,17834000000.0,7432262329.0,2794827989705.2607,0.0,0.0,376.0400085449219,374.5799865722656,374.5799865722656,8
